

DROP TABLE PRE_AUTH_MENU_MAPPING;
DROP TABLE AUTH_MENU_MAPPING;
DROP TABLE USER_ENTITLEMENT_MAPPING;
DROP TABLE APPUSER;
DROP TABLE APPLICATION_MENU_MAPPING;
DROP TABLE MENU_ITEM;
DROP TABLE APPLICATION;

DROP TABLE MENU_TYPE;
DROP TABLE MENU_ACTION;
DROP TABLE MENU_LOAD_CONFIG;
DROP TABLE MENU_LAYOUT;
DROP TABLE ENTITLEMENT_TYPE;
DROP TABLE ENTITLEMENT_GROUP;
DROP TABLE APPLICATION_LAYOUT;



create table APPLICATION_LAYOUT (
	ID Int NOT NULL,
	NAME varchar(300),
	DESCRIPTION VARCHAR(300),
	CREATED_BY varchar(100),
	CREATED_AT timestamp,
	MODIFIED_BY varchar(100),
	MODIFIED_AT timestamp,
	PRIMARY KEY (ID)
);

INSERT INTO APPLICATION_LAYOUT ( ID, NAME, DESCRIPTION, CREATED_BY, CREATED_AT, MODIFIED_BY, MODIFIED_AT) values
(1, 'STANDARD', 'STANDARD', 'PRASHANT JOSHI', CURRENT_TIMESTAMP, 'PRASHANT JOSHI', CURRENT_TIMESTAMP),
(2, 'PANEL', 'PANEL', 'PRASHANT JOSHI', CURRENT_TIMESTAMP, 'PRASHANT JOSHI', CURRENT_TIMESTAMP);

create table MENU_TYPE (
	ID Int NOT NULL,
	NAME varchar(300),
	DESCRIPTION VARCHAR(300),
	CREATED_BY varchar(100),
	CREATED_AT timestamp,
	MODIFIED_BY varchar(100),
	MODIFIED_AT timestamp,
	PRIMARY KEY (ID)
);

INSERT INTO MENU_TYPE ( ID, NAME, DESCRIPTION, CREATED_BY, CREATED_AT, MODIFIED_BY, MODIFIED_AT) values
(1, 'HEADER', 'HEADER', 'PRASHANT JOSHI', CURRENT_TIMESTAMP, 'PRASHANT JOSHI', CURRENT_TIMESTAMP),
(2, 'LINK', 'LINK', 'PRASHANT JOSHI', CURRENT_TIMESTAMP, 'PRASHANT JOSHI', CURRENT_TIMESTAMP),
(3, 'TEXT', 'TEXT', 'PRASHANT JOSHI', CURRENT_TIMESTAMP, 'PRASHANT JOSHI', CURRENT_TIMESTAMP),
(4, 'DYNAMICCONTENT', 'DYNAMICCONTENT', 'PRASHANT JOSHI', CURRENT_TIMESTAMP, 'PRASHANT JOSHI', CURRENT_TIMESTAMP),
(5, 'BUTTON', 'BUTTON', 'PRASHANT JOSHI', CURRENT_TIMESTAMP, 'PRASHANT JOSHI', CURRENT_TIMESTAMP);

create table MENU_ACTION (
	ID Int NOT NULL,
	NAME varchar(300),
	DESCRIPTION VARCHAR(300),
	CREATED_BY varchar(100),
	CREATED_AT timestamp,
	MODIFIED_BY varchar(100),
	MODIFIED_AT timestamp,
	PRIMARY KEY (ID)
);

INSERT INTO MENU_ACTION ( ID, NAME, DESCRIPTION, CREATED_BY, CREATED_AT, MODIFIED_BY, MODIFIED_AT) values
(1, 'ROUTING', 'ROUTING', 'PRASHANT JOSHI', CURRENT_TIMESTAMP, 'PRASHANT JOSHI', CURRENT_TIMESTAMP),
(2, 'EXTERNALLINK', 'EXTERNALLINK', 'PRASHANT JOSHI', CURRENT_TIMESTAMP, 'PRASHANT JOSHI', CURRENT_TIMESTAMP),
(3, 'DROPDOWN', 'DROPDOWN', 'PRASHANT JOSHI', CURRENT_TIMESTAMP, 'PRASHANT JOSHI', CURRENT_TIMESTAMP);

create table MENU_LOAD_CONFIG (
	ID Int NOT NULL,
	NAME varchar(300),
	DESCRIPTION VARCHAR(300),
	CREATED_BY varchar(100),
	CREATED_AT timestamp,
	MODIFIED_BY varchar(100),
	MODIFIED_AT timestamp,
	PRIMARY KEY (ID)
);

INSERT INTO MENU_LOAD_CONFIG ( ID, NAME, DESCRIPTION, CREATED_BY, CREATED_AT, MODIFIED_BY, MODIFIED_AT) values
(1, 'LAZYLOAD', 'LAZYLOAD', 'PRASHANT JOSHI', CURRENT_TIMESTAMP, 'PRASHANT JOSHI', CURRENT_TIMESTAMP),
(2, 'PRELOAD', 'PRELOAD', 'PRASHANT JOSHI', CURRENT_TIMESTAMP, 'PRASHANT JOSHI', CURRENT_TIMESTAMP);

create table MENU_LAYOUT (
	ID Int NOT NULL,
	NAME varchar(300),
	DESCRIPTION VARCHAR(300),
	CREATED_BY varchar(100),
	CREATED_AT timestamp,
	MODIFIED_BY varchar(100),
	MODIFIED_AT timestamp,
	PRIMARY KEY (ID)
);

INSERT INTO MENU_LAYOUT ( ID, NAME, DESCRIPTION, CREATED_BY, CREATED_AT, MODIFIED_BY, MODIFIED_AT) values
(1, 'STANDARD', 'STANDARD', 'PRASHANT JOSHI', CURRENT_TIMESTAMP, 'PRASHANT JOSHI', CURRENT_TIMESTAMP),
(2, 'DUO', 'DUO', 'PRASHANT JOSHI', CURRENT_TIMESTAMP, 'PRASHANT JOSHI', CURRENT_TIMESTAMP),
(3, 'TRIPPLE', 'TRIPPLE', 'PRASHANT JOSHI', CURRENT_TIMESTAMP, 'PRASHANT JOSHI', CURRENT_TIMESTAMP);


create table ENTITLEMENT_TYPE (
	ID Int NOT NULL,
	NAME varchar(300),
	DESCRIPTION VARCHAR(300),
	CREATED_BY varchar(100),
	CREATED_AT timestamp,
	MODIFIED_BY varchar(100),
	MODIFIED_AT timestamp,
	PRIMARY KEY (ID)
);

INSERT INTO ENTITLEMENT_TYPE ( ID, NAME, DESCRIPTION, CREATED_BY, CREATED_AT, MODIFIED_BY, MODIFIED_AT) values
(1, 'PREVIEW', 'PREVIEW', 'PRASHANT JOSHI', CURRENT_TIMESTAMP, 'PRASHANT JOSHI', CURRENT_TIMESTAMP),
(2, 'STATIC', 'STATIC', 'PRASHANT JOSHI', CURRENT_TIMESTAMP, 'PRASHANT JOSHI', CURRENT_TIMESTAMP),
(3, 'EMPRIC', 'EMPRIC', 'PRASHANT JOSHI', CURRENT_TIMESTAMP, 'PRASHANT JOSHI', CURRENT_TIMESTAMP);

create table ENTITLEMENT_GROUP (
	ID Int NOT NULL,
	NAME varchar(300),
	DESCRIPTION VARCHAR(300),
	CREATED_BY varchar(100),
	CREATED_AT timestamp,
	MODIFIED_BY varchar(100),
	MODIFIED_AT timestamp,
	PRIMARY KEY (ID)
);

INSERT INTO ENTITLEMENT_GROUP ( ID, NAME, DESCRIPTION, CREATED_BY, CREATED_AT, MODIFIED_BY, MODIFIED_AT) values
(1, 'GLOBAL', 'GLOBAL', 'PRASHANT JOSHI', CURRENT_TIMESTAMP, 'PRASHANT JOSHI', CURRENT_TIMESTAMP),
(2, 'INVESTOR', 'INVESTOR', 'PRASHANT JOSHI', CURRENT_TIMESTAMP, 'PRASHANT JOSHI', CURRENT_TIMESTAMP),
(3, 'CLIENT', 'CLIENT', 'PRASHANT JOSHI', CURRENT_TIMESTAMP, 'PRASHANT JOSHI', CURRENT_TIMESTAMP);


create table APPUSER (
	ID Int NOT NULL,
	USERNAME varchar(100),
	PASSWORD VARCHAR(300),
	FIRST_NAME VARCHAR(100),
	MIDDLE_NAME VARCHAR(100),
	LAST_NAME VARCHAR(100),
	ADDRESS1 VARCHAR(500),
	ADDRESS2 VARCHAR(500),
	ADDRESS3 VARCHAR(500),
	CITY VARCHAR(100),
	STATE VARCHAR(100),
	COUNTRY VARCHAR(100),
	ZIPCODE VARCHAR(50),
	CREATED_BY varchar(100),
	CREATED_AT timestamp,
	MODIFIED_BY varchar(100),
	MODIFIED_AT timestamp,
	PRIMARY KEY (ID)
);

INSERT INTO APPUSER (ID, USERNAME, PASSWORD, FIRST_NAME, LAST_NAME) values
(1, 'prashant.joshi', '$2a$16$gm52w3yT7wymovwBZUffnOFnTiV6zYkYFLgYeQwcb0uDw78yEDj0C', 'PRASHANT', 'JOSHI'),
(2, 'investor.investor', '$2a$16$gm52w3yT7wymovwBZUffnOFnTiV6zYkYFLgYeQwcb0uDw78yEDj0C', 'Investor', 'Investor'),
(3, 'client.client', '$2a$16$gm52w3yT7wymovwBZUffnOFnTiV6zYkYFLgYeQwcb0uDw78yEDj0C', 'Client', 'Client');

create table APPLICATION (
	ID Int NOT NULL,
	NAME varchar(300),
	LAYOUT_ID int,
	DESCRIPTION VARCHAR(300),
	CREATED_BY varchar(100),
	CREATED_AT timestamp,
	MODIFIED_BY varchar(100),
	MODIFIED_AT timestamp,
	PRIMARY KEY (ID),
	FOREIGN KEY (LAYOUT_ID) REFERENCES APPLICATION_LAYOUT(ID)
);

INSERT INTO APPLICATION ( ID, NAME, DESCRIPTION, LAYOUT_ID, CREATED_BY, CREATED_AT, MODIFIED_BY, MODIFIED_AT) values
(1, 'AV', 'AV', 1, 'PRASHANT JOSHI', CURRENT_TIMESTAMP, 'PRASHANT JOSHI', CURRENT_TIMESTAMP);

create table MENU_ITEM (
	ID Int NOT NULL,
	NAME varchar(300),
	DESCRIPTION VARCHAR(300),
	TYPE_ID int,
	ACTION_ID int,
	LOAD_CONFIG_ID int,
	LAYOUT_ID int,
	URL VARCHAR(500),
	ELEMENT_ID VARCHAR(100),
	ELEMENT_CLASS VARCHAR(100),
	ADDITIONAL_ATTRIBUTE VARCHAR(100),
	IS_DELETED int,
    CREATED_BY varchar(100),
	CREATED_AT timestamp,
	MODIFIED_BY varchar(100),
	MODIFIED_AT timestamp,
	PRIMARY KEY (ID),
	FOREIGN KEY (TYPE_ID) REFERENCES MENU_TYPE(ID),
	FOREIGN KEY (ACTION_ID) REFERENCES MENU_ACTION(ID),
	FOREIGN KEY (LOAD_CONFIG_ID) REFERENCES MENU_LOAD_CONFIG(ID),
	FOREIGN KEY (LAYOUT_ID) REFERENCES MENU_LAYOUT(ID)
);

INSERT INTO MENU_ITEM ( ID, NAME, DESCRIPTION, TYPE_ID, ACTION_ID, LOAD_CONFIG_ID, LAYOUT_ID, URL, ELEMENT_ID, ELEMENT_CLASS, ADDITIONAL_ATTRIBUTE, IS_DELETED, CREATED_BY, CREATED_AT, MODIFIED_BY, MODIFIED_AT) values
(1, 'Overview', 'Overview', 2, 1, null, 1, 'http://localhost:4201/overview', 'overview', 'overview', null, 0, 'PRASHANT JOSHI', CURRENT_TIMESTAMP, 'PRASHANT JOSHI', CURRENT_TIMESTAMP),
(2, 'Account', 'Account', 1, 1, 1, null, '', 'account', 'account', null, 0, 'PRASHANT JOSHI', CURRENT_TIMESTAMP, 'PRASHANT JOSHI', CURRENT_TIMESTAMP),
(3, 'Balances', 'Balances', 2, 1, 1, null, 'http://localhost:4201/account?page=balances', 'balances', 'balances', null, 0, 'PRASHANT JOSHI', CURRENT_TIMESTAMP, 'PRASHANT JOSHI', CURRENT_TIMESTAMP),
(4, 'Holdings', 'Holdings', 2, 1, 1, null, 'http://localhost:4201/account?page=holdings', 'holdings', 'holdings', null, 0, 'PRASHANT JOSHI', CURRENT_TIMESTAMP, 'PRASHANT JOSHI', CURRENT_TIMESTAMP),
(5, 'Activity', 'Activity', 2, 3, null, 1, 'http://localhost:4201/account?page=activity', 'activity', 'activity', null, 0, 'PRASHANT JOSHI', CURRENT_TIMESTAMP, 'PRASHANT JOSHI', CURRENT_TIMESTAMP),
(6, 'Transfer Money', 'Transfer Money', 1, 1, 1, null, 'http://localhost:4201/transfermoney', 'transfer-money', 'transfer-money', null, 0, 'PRASHANT JOSHI', CURRENT_TIMESTAMP, 'PRASHANT JOSHI', CURRENT_TIMESTAMP),
(7, 'Goals', 'Goals', 1, 1, 1, null, 'http://localhost:4201/goals', 'goals', 'goals', null, 0, 'PRASHANT JOSHI', CURRENT_TIMESTAMP, 'PRASHANT JOSHI', CURRENT_TIMESTAMP),
(8, 'Documents', 'Documents', 1, 3, null, 1, null, 'documents', 'documents', null, 0, 'PRASHANT JOSHI', CURRENT_TIMESTAMP, 'PRASHANT JOSHI', CURRENT_TIMESTAMP),
(9, 'Statements', 'Statements', 2, 1, 1, null, 'http://localhost:4203/documents?page=statements', 'statements', 'statements', null, 0, 'PRASHANT JOSHI', CURRENT_TIMESTAMP, 'PRASHANT JOSHI', CURRENT_TIMESTAMP),
(10, 'My Files', 'My Files', 2, 1, 1, null, 'http://localhost:4203/documents?page=myfiles', 'myfiles', 'myfiles', null, 0, 'PRASHANT JOSHI', CURRENT_TIMESTAMP, 'PRASHANT JOSHI', CURRENT_TIMESTAMP),
(11, 'Trade Confirmations', 'Trade Confirmations', 2, 3, null, 1, 'http://localhost:4203/documents?page=myfiles', 'trade-confirmation', 'trade-confirmation', null, 0, 'PRASHANT JOSHI', CURRENT_TIMESTAMP, 'PRASHANT JOSHI', CURRENT_TIMESTAMP),
(12, 'Tax Forms', 'Tax Forms', 2, 1, 1, null, 'http://localhost:4204/documents?page=taxforms', 'taxforms', 'taxforms', null, 0, 'PRASHANT JOSHI', CURRENT_TIMESTAMP, 'PRASHANT JOSHI', CURRENT_TIMESTAMP),
(13, 'Notices', 'Notices', 2, 1, 1, null, 'http://localhost:4204/documents?page=notices', 'notices', 'notices', null, 0, 'PRASHANT JOSHI', CURRENT_TIMESTAMP, 'PRASHANT JOSHI', CURRENT_TIMESTAMP),
(14, 'Market Insights', 'Market Insights', 1, 3, null, 2, null, 'market-insights', 'market-insights', null, 0, 'PRASHANT JOSHI', CURRENT_TIMESTAMP, 'PRASHANT JOSHI', CURRENT_TIMESTAMP),
(15, 'RESEARCH', 'RESEARCH', 1, 1, 1, null, null, 'research', 'research', null, 0, 'PRASHANT JOSHI', CURRENT_TIMESTAMP, 'PRASHANT JOSHI', CURRENT_TIMESTAMP),
(16, 'Stock Research', 'Stock Research', 2, 1, 1, null, 'http://localhost:4205/usermanagement?page=deleteuser', 'stock-research', 'stock-research', null, 0, 'PRASHANT JOSHI', CURRENT_TIMESTAMP, 'PRASHANT JOSHI', CURRENT_TIMESTAMP),
(17, 'Options Research', 'Options Research', 2, 1, 1, null, 'http://localhost:4205/usermanagement?page=deleteuser', 'options-research', 'options-research', null, 0, 'PRASHANT JOSHI', CURRENT_TIMESTAMP, 'PRASHANT JOSHI', CURRENT_TIMESTAMP),
(18, 'Mutual Fund Research', 'Mutual Fund Research', 2, 1, 1, null, 'http://localhost:4205/usermanagement?page=deleteuser', 'mutual-fund-research', 'mutual-fund-research', null, 0, 'PRASHANT JOSHI', CURRENT_TIMESTAMP, 'PRASHANT JOSHI', CURRENT_TIMESTAMP),
(19, 'SCREENERS', 'SCREENERS', 1, 1, 1, null, 'http://localhost:4205/usermanagement?page=createuser', 'SCREENERS', 'SCREENERS', null, 0, 'PRASHANT JOSHI', CURRENT_TIMESTAMP, 'PRASHANT JOSHI', CURRENT_TIMESTAMP),
(20, 'Stock Screener', 'Stock Screener', 2, 1, 1, null, 'http://localhost:4205/usermanagement?page=deleteuser', 'stockscreener', 'stockscreener', null, 0, 'PRASHANT JOSHI', CURRENT_TIMESTAMP, 'PRASHANT JOSHI', CURRENT_TIMESTAMP),
(21, 'ETF Screener', 'ETF Screener', 2, 1, 1, null, 'http://localhost:4205/usermanagement?page=deleteuser', 'etf-screener', 'etf-screener', null, 0, 'PRASHANT JOSHI', CURRENT_TIMESTAMP, 'PRASHANT JOSHI', CURRENT_TIMESTAMP),
(22, 'Mutual Fund Screener', 'Mutual Fund Screener', 2, 1, 1, null, 'http://localhost:4205/usermanagement?page=deleteuser', 'mutual-fund-screener', 'mutual-fund-screener', null, 0, 'PRASHANT JOSHI', CURRENT_TIMESTAMP, 'PRASHANT JOSHI', CURRENT_TIMESTAMP),
(23, 'Trading', 'Trading', 1, 1, 1, null, 'http://localhost:4205/usermanagement?page=createuser', 'trading', 'trading', null, 0, 'PRASHANT JOSHI', CURRENT_TIMESTAMP, 'PRASHANT JOSHI', CURRENT_TIMESTAMP),
(24, 'Stocks & ETFs', 'Stocks & ETFs', 2, 1, 1, null, 'http://localhost:4205/usermanagement?page=deleteuser', 'stocks-etfs', 'stocks-etfs', null, 0, 'PRASHANT JOSHI', CURRENT_TIMESTAMP, 'PRASHANT JOSHI', CURRENT_TIMESTAMP),
(25, 'Options', 'Options', 2, 1, 1, null, 'http://localhost:4205/usermanagement?page=deleteuser', 'options', 'options', null, 0, 'PRASHANT JOSHI', CURRENT_TIMESTAMP, 'PRASHANT JOSHI', CURRENT_TIMESTAMP),
(26, 'Options Chain', 'Option Chain', 2, 1, 1, null, 'http://localhost:4205/usermanagement?page=deleteuser', 'options-chain', 'options-chain', null, 0, 'PRASHANT JOSHI', CURRENT_TIMESTAMP, 'PRASHANT JOSHI', CURRENT_TIMESTAMP),
(27, 'Mutual Funds', 'Mutual Funds', 2, 1, 1, null, 'http://localhost:4205/usermanagement?page=deleteuser', 'mutual-funds', 'mutual-funds', null, 0, 'PRASHANT JOSHI', CURRENT_TIMESTAMP, 'PRASHANT JOSHI', CURRENT_TIMESTAMP),
(28, 'Order Status', 'Order Status', 2, 1, 1, null, 'http://localhost:4205/usermanagement?page=deleteuser', 'order-status', 'order-status', null, 0, 'PRASHANT JOSHI', CURRENT_TIMESTAMP, 'PRASHANT JOSHI', CURRENT_TIMESTAMP);



create table APPLICATION_MENU_MAPPING (
	ID Int NOT NULL,
	APPLICATION_ID INT Not NULL,
	PARENT_MENU_ITEM_ID Int NOT NULL,
	CHILD_MENU_ITEM_ID Int ,
	PARENT_VIEW_ORDER Int,
	CHILD_VIEW_ORDER Int,
    CREATED_BY varchar(100),
	CREATED_AT timestamp,
	MODIFIED_BY varchar(100),
	MODIFIED_AT timestamp,
	PRIMARY KEY (ID),
	FOREIGN KEY (PARENT_MENU_ITEM_ID) REFERENCES MENU_ITEM(ID),
	FOREIGN KEY (APPLICATION_ID) REFERENCES APPLICATION(ID)
);
INSERT INTO APPLICATION_MENU_MAPPING ( ID, APPLICATION_ID, PARENT_MENU_ITEM_ID, CHILD_MENU_ITEM_ID, PARENT_VIEW_ORDER, CHILD_VIEW_ORDER, CREATED_BY, CREATED_AT, MODIFIED_BY, MODIFIED_AT) values
(1, 1, 1, null, 1, 1, 'PRASHANT JOSHI', CURRENT_TIMESTAMP, 'PRASHANT JOSHI', CURRENT_TIMESTAMP), 

(2, 1, 2, 3, 2, 1, 'PRASHANT JOSHI', CURRENT_TIMESTAMP, 'PRASHANT JOSHI', CURRENT_TIMESTAMP), 
(3, 1, 2, 4, 2, 2, 'PRASHANT JOSHI', CURRENT_TIMESTAMP, 'PRASHANT JOSHI', CURRENT_TIMESTAMP),
(4, 1, 2, 5, 2, 3, 'PRASHANT JOSHI', CURRENT_TIMESTAMP, 'PRASHANT JOSHI', CURRENT_TIMESTAMP),

(5, 1, 6, null, 3, 1, 'PRASHANT JOSHI', CURRENT_TIMESTAMP, 'PRASHANT JOSHI', CURRENT_TIMESTAMP), 

(6, 1, 7, null, 4, 1, 'PRASHANT JOSHI', CURRENT_TIMESTAMP, 'PRASHANT JOSHI', CURRENT_TIMESTAMP), 

(7, 1, 8, 9, 5, 1, 'PRASHANT JOSHI', CURRENT_TIMESTAMP, 'PRASHANT JOSHI', CURRENT_TIMESTAMP), 
(8, 1, 8, 10, 5, 2, 'PRASHANT JOSHI', CURRENT_TIMESTAMP, 'PRASHANT JOSHI', CURRENT_TIMESTAMP),
(9, 1, 8, 11, 5, 3, 'PRASHANT JOSHI', CURRENT_TIMESTAMP, 'PRASHANT JOSHI', CURRENT_TIMESTAMP),
(10, 1, 8, 12, 5, 4, 'PRASHANT JOSHI', CURRENT_TIMESTAMP, 'PRASHANT JOSHI', CURRENT_TIMESTAMP),
(11, 1, 8, 13, 5, 5, 'PRASHANT JOSHI', CURRENT_TIMESTAMP, 'PRASHANT JOSHI', CURRENT_TIMESTAMP),

(12, 1, 14, 15, 6, 1, 'PRASHANT JOSHI', CURRENT_TIMESTAMP, 'PRASHANT JOSHI', CURRENT_TIMESTAMP), 
(13, 1, 14, 16, 6, 2, 'PRASHANT JOSHI', CURRENT_TIMESTAMP, 'PRASHANT JOSHI', CURRENT_TIMESTAMP),
(14, 1, 14, 17, 6, 3, 'PRASHANT JOSHI', CURRENT_TIMESTAMP, 'PRASHANT JOSHI', CURRENT_TIMESTAMP),
(15, 1, 14, 18, 6, 4, 'PRASHANT JOSHI', CURRENT_TIMESTAMP, 'PRASHANT JOSHI', CURRENT_TIMESTAMP),
(16, 1, 14, 19, 6, 5, 'PRASHANT JOSHI', CURRENT_TIMESTAMP, 'PRASHANT JOSHI', CURRENT_TIMESTAMP),
(17, 1, 14, 20, 6, 6, 'PRASHANT JOSHI', CURRENT_TIMESTAMP, 'PRASHANT JOSHI', CURRENT_TIMESTAMP),
(18, 1, 14, 21, 6, 7, 'PRASHANT JOSHI', CURRENT_TIMESTAMP, 'PRASHANT JOSHI', CURRENT_TIMESTAMP),

(19, 1, 23, 24, 7, 1, 'PRASHANT JOSHI', CURRENT_TIMESTAMP, 'PRASHANT JOSHI', CURRENT_TIMESTAMP), 
(20, 1, 23, 25, 7, 2, 'PRASHANT JOSHI', CURRENT_TIMESTAMP, 'PRASHANT JOSHI', CURRENT_TIMESTAMP),
(21, 1, 23, 26, 7, 3, 'PRASHANT JOSHI', CURRENT_TIMESTAMP, 'PRASHANT JOSHI', CURRENT_TIMESTAMP),
(22, 1, 23, 27, 7, 4, 'PRASHANT JOSHI', CURRENT_TIMESTAMP, 'PRASHANT JOSHI', CURRENT_TIMESTAMP),
(23, 1, 23, 28, 7, 5, 'PRASHANT JOSHI', CURRENT_TIMESTAMP, 'PRASHANT JOSHI', CURRENT_TIMESTAMP);

create table PRE_AUTH_MENU_MAPPING (
	APPLICATION_MENU_ITEM_ID Int NOT NULL,
	ENTITLEMENT_TYPE_ID Int NOT NULL,
	START_DATE timestamp,
	END_DATE timestamp,
    CREATED_BY varchar(100),
	CREATED_AT timestamp,
	MODIFIED_BY varchar(100),
	MODIFIED_AT timestamp,
	FOREIGN KEY (APPLICATION_MENU_ITEM_ID) REFERENCES APPLICATION_MENU_MAPPING(ID),
	FOREIGN KEY (ENTITLEMENT_TYPE_ID) REFERENCES ENTITLEMENT_TYPE(ID)
);

INSERT INTO PRE_AUTH_MENU_MAPPING ( APPLICATION_MENU_ITEM_ID, ENTITLEMENT_TYPE_ID, START_DATE, END_DATE, CREATED_BY, CREATED_AT, MODIFIED_BY, MODIFIED_AT) values
(1, 2, null, null, 'PRASHANT JOSHI', CURRENT_TIMESTAMP, 'PRASHANT JOSHI', CURRENT_TIMESTAMP),
(2, 2, null, null, 'PRASHANT JOSHI', CURRENT_TIMESTAMP, 'PRASHANT JOSHI', CURRENT_TIMESTAMP),
(3, 2, null, null, 'PRASHANT JOSHI', CURRENT_TIMESTAMP, 'PRASHANT JOSHI', CURRENT_TIMESTAMP),
(4, 2, null, null, 'PRASHANT JOSHI', CURRENT_TIMESTAMP, 'PRASHANT JOSHI', CURRENT_TIMESTAMP),
(5, 2, null, null, 'PRASHANT JOSHI', CURRENT_TIMESTAMP, 'PRASHANT JOSHI', CURRENT_TIMESTAMP);


create table AUTH_MENU_MAPPING (
	APPLICATION_MENU_ITEM_ID Int NOT NULL,
	ENTITLEMENT_TYPE_ID Int NOT NULL,
	START_DATE timestamp,
	END_DATE timestamp,
	GROUP_ID Int,
    CREATED_BY varchar(100),
	CREATED_AT timestamp,
	MODIFIED_BY varchar(100),
	MODIFIED_AT timestamp,
	FOREIGN KEY (APPLICATION_MENU_ITEM_ID) REFERENCES APPLICATION_MENU_MAPPING(ID),
	FOREIGN KEY (ENTITLEMENT_TYPE_ID) REFERENCES ENTITLEMENT_TYPE(ID),
	FOREIGN KEY (GROUP_ID) REFERENCES ENTITLEMENT_GROUP(ID)
);

INSERT INTO auth_menu_mapping ( APPLICATION_MENU_ITEM_ID, ENTITLEMENT_TYPE_ID, START_DATE, END_DATE, GROUP_ID, CREATED_BY, CREATED_AT, MODIFIED_BY, MODIFIED_AT) values
(1, 2, null, null, 1, 'PRASHANT JOSHI', CURRENT_TIMESTAMP, 'PRASHANT JOSHI', CURRENT_TIMESTAMP), 
(1, 2, null, null, 2, 'PRASHANT JOSHI', CURRENT_TIMESTAMP, 'PRASHANT JOSHI', CURRENT_TIMESTAMP),
(1, 2, null, null, 3, 'PRASHANT JOSHI', CURRENT_TIMESTAMP, 'PRASHANT JOSHI', CURRENT_TIMESTAMP),

(2, 2, null, null, 1, 'PRASHANT JOSHI', CURRENT_TIMESTAMP, 'PRASHANT JOSHI', CURRENT_TIMESTAMP), 
(2, 2, null, null, 3, 'PRASHANT JOSHI', CURRENT_TIMESTAMP, 'PRASHANT JOSHI', CURRENT_TIMESTAMP),
(3, 2, null, null, 1, 'PRASHANT JOSHI', CURRENT_TIMESTAMP, 'PRASHANT JOSHI', CURRENT_TIMESTAMP),
(3, 2, null, null, 3, 'PRASHANT JOSHI', CURRENT_TIMESTAMP, 'PRASHANT JOSHI', CURRENT_TIMESTAMP),
(4, 2, null, null, 1, 'PRASHANT JOSHI', CURRENT_TIMESTAMP, 'PRASHANT JOSHI', CURRENT_TIMESTAMP),
(4, 2, null, null, 3, 'PRASHANT JOSHI', CURRENT_TIMESTAMP, 'PRASHANT JOSHI', CURRENT_TIMESTAMP),

(5, 2, null, null, 1, 'PRASHANT JOSHI', CURRENT_TIMESTAMP, 'PRASHANT JOSHI', CURRENT_TIMESTAMP), 
(5, 2, null, null, 2, 'PRASHANT JOSHI', CURRENT_TIMESTAMP, 'PRASHANT JOSHI', CURRENT_TIMESTAMP),
(5, 2, null, null, 3, 'PRASHANT JOSHI', CURRENT_TIMESTAMP, 'PRASHANT JOSHI', CURRENT_TIMESTAMP),

(6, 2, null, null, 1, 'PRASHANT JOSHI', CURRENT_TIMESTAMP, 'PRASHANT JOSHI', CURRENT_TIMESTAMP), 
(6, 2, null, null, 2, 'PRASHANT JOSHI', CURRENT_TIMESTAMP, 'PRASHANT JOSHI', CURRENT_TIMESTAMP),
(6, 2, null, null, 3, 'PRASHANT JOSHI', CURRENT_TIMESTAMP, 'PRASHANT JOSHI', CURRENT_TIMESTAMP),

(7, 2, null, null, 1, 'PRASHANT JOSHI', CURRENT_TIMESTAMP, 'PRASHANT JOSHI', CURRENT_TIMESTAMP), 
(7, 2, null, null, 2, 'PRASHANT JOSHI', CURRENT_TIMESTAMP, 'PRASHANT JOSHI', CURRENT_TIMESTAMP),
(7, 2, null, null, 3, 'PRASHANT JOSHI', CURRENT_TIMESTAMP, 'PRASHANT JOSHI', CURRENT_TIMESTAMP),
(8, 2, null, null, 1, 'PRASHANT JOSHI', CURRENT_TIMESTAMP, 'PRASHANT JOSHI', CURRENT_TIMESTAMP),
(8, 2, null, null, 2, 'PRASHANT JOSHI', CURRENT_TIMESTAMP, 'PRASHANT JOSHI', CURRENT_TIMESTAMP),
(8, 2, null, null, 3, 'PRASHANT JOSHI', CURRENT_TIMESTAMP, 'PRASHANT JOSHI', CURRENT_TIMESTAMP),
(9, 2, null, null, 1, 'PRASHANT JOSHI', CURRENT_TIMESTAMP, 'PRASHANT JOSHI', CURRENT_TIMESTAMP),
(9, 2, null, null, 2, 'PRASHANT JOSHI', CURRENT_TIMESTAMP, 'PRASHANT JOSHI', CURRENT_TIMESTAMP),
(9, 2, null, null, 3, 'PRASHANT JOSHI', CURRENT_TIMESTAMP, 'PRASHANT JOSHI', CURRENT_TIMESTAMP),
(10, 2, null, null, 1, 'PRASHANT JOSHI', CURRENT_TIMESTAMP, 'PRASHANT JOSHI', CURRENT_TIMESTAMP),
(10, 2, null, null, 2, 'PRASHANT JOSHI', CURRENT_TIMESTAMP, 'PRASHANT JOSHI', CURRENT_TIMESTAMP),
(11, 2, null, null, 3, 'PRASHANT JOSHI', CURRENT_TIMESTAMP, 'PRASHANT JOSHI', CURRENT_TIMESTAMP),

(12, 2, null, null, 1, 'PRASHANT JOSHI', CURRENT_TIMESTAMP, 'PRASHANT JOSHI', CURRENT_TIMESTAMP), 
(12, 2, null, null, 2, 'PRASHANT JOSHI', CURRENT_TIMESTAMP, 'PRASHANT JOSHI', CURRENT_TIMESTAMP),
(12, 2, null, null, 3, 'PRASHANT JOSHI', CURRENT_TIMESTAMP, 'PRASHANT JOSHI', CURRENT_TIMESTAMP),
(13, 2, null, null, 1, 'PRASHANT JOSHI', CURRENT_TIMESTAMP, 'PRASHANT JOSHI', CURRENT_TIMESTAMP),
(13, 2, null, null, 2, 'PRASHANT JOSHI', CURRENT_TIMESTAMP, 'PRASHANT JOSHI', CURRENT_TIMESTAMP),
(13, 2, null, null, 3, 'PRASHANT JOSHI', CURRENT_TIMESTAMP, 'PRASHANT JOSHI', CURRENT_TIMESTAMP),
(14, 2, null, null, 1, 'PRASHANT JOSHI', CURRENT_TIMESTAMP, 'PRASHANT JOSHI', CURRENT_TIMESTAMP),
(14, 2, null, null, 2, 'PRASHANT JOSHI', CURRENT_TIMESTAMP, 'PRASHANT JOSHI', CURRENT_TIMESTAMP),
(14, 2, null, null, 3, 'PRASHANT JOSHI', CURRENT_TIMESTAMP, 'PRASHANT JOSHI', CURRENT_TIMESTAMP),
(15, 2, null, null, 1, 'PRASHANT JOSHI', CURRENT_TIMESTAMP, 'PRASHANT JOSHI', CURRENT_TIMESTAMP),
(15, 2, null, null, 2, 'PRASHANT JOSHI', CURRENT_TIMESTAMP, 'PRASHANT JOSHI', CURRENT_TIMESTAMP),
(15, 2, null, null, 3, 'PRASHANT JOSHI', CURRENT_TIMESTAMP, 'PRASHANT JOSHI', CURRENT_TIMESTAMP),
(16, 2, null, null, 1, 'PRASHANT JOSHI', CURRENT_TIMESTAMP, 'PRASHANT JOSHI', CURRENT_TIMESTAMP),
(16, 2, null, null, 2, 'PRASHANT JOSHI', CURRENT_TIMESTAMP, 'PRASHANT JOSHI', CURRENT_TIMESTAMP),
(16, 2, null, null, 3, 'PRASHANT JOSHI', CURRENT_TIMESTAMP, 'PRASHANT JOSHI', CURRENT_TIMESTAMP),
(17, 2, null, null, 1, 'PRASHANT JOSHI', CURRENT_TIMESTAMP, 'PRASHANT JOSHI', CURRENT_TIMESTAMP),
(17, 2, null, null, 2, 'PRASHANT JOSHI', CURRENT_TIMESTAMP, 'PRASHANT JOSHI', CURRENT_TIMESTAMP),
(17, 2, null, null, 3, 'PRASHANT JOSHI', CURRENT_TIMESTAMP, 'PRASHANT JOSHI', CURRENT_TIMESTAMP),
(18, 2, null, null, 1, 'PRASHANT JOSHI', CURRENT_TIMESTAMP, 'PRASHANT JOSHI', CURRENT_TIMESTAMP),
(18, 2, null, null, 2, 'PRASHANT JOSHI', CURRENT_TIMESTAMP, 'PRASHANT JOSHI', CURRENT_TIMESTAMP),
(18, 2, null, null, 3, 'PRASHANT JOSHI', CURRENT_TIMESTAMP, 'PRASHANT JOSHI', CURRENT_TIMESTAMP),

(19, 2, null, null, 1, 'PRASHANT JOSHI', CURRENT_TIMESTAMP, 'PRASHANT JOSHI', CURRENT_TIMESTAMP), 
(19, 2, null, null, 2, 'PRASHANT JOSHI', CURRENT_TIMESTAMP, 'PRASHANT JOSHI', CURRENT_TIMESTAMP),
(20, 2, null, null, 1, 'PRASHANT JOSHI', CURRENT_TIMESTAMP, 'PRASHANT JOSHI', CURRENT_TIMESTAMP),
(20, 2, null, null, 2, 'PRASHANT JOSHI', CURRENT_TIMESTAMP, 'PRASHANT JOSHI', CURRENT_TIMESTAMP),
(21, 2, null, null, 1, 'PRASHANT JOSHI', CURRENT_TIMESTAMP, 'PRASHANT JOSHI', CURRENT_TIMESTAMP),
(21, 2, null, null, 2, 'PRASHANT JOSHI', CURRENT_TIMESTAMP, 'PRASHANT JOSHI', CURRENT_TIMESTAMP),
(22, 2, null, null, 1, 'PRASHANT JOSHI', CURRENT_TIMESTAMP, 'PRASHANT JOSHI', CURRENT_TIMESTAMP),
(22, 2, null, null, 2, 'PRASHANT JOSHI', CURRENT_TIMESTAMP, 'PRASHANT JOSHI', CURRENT_TIMESTAMP),
(23, 2, null, null, 1, 'PRASHANT JOSHI', CURRENT_TIMESTAMP, 'PRASHANT JOSHI', CURRENT_TIMESTAMP),
(23, 2, null, null, 2, 'PRASHANT JOSHI', CURRENT_TIMESTAMP, 'PRASHANT JOSHI', CURRENT_TIMESTAMP);

create table USER_ENTITLEMENT_MAPPING (
	GROUP_ID Int NOT NULL,
	USER_ID Int NOT NULL,
	CREATED_AT timestamp,
	MODIFIED_BY varchar(100),
	MODIFIED_AT timestamp,
	FOREIGN KEY (GROUP_ID) REFERENCES ENTITLEMENT_GROUP(ID),
	FOREIGN KEY (USER_ID) REFERENCES APPUSER(ID)
);

insert into user_entitlement_mapping values
(1,1,CURRENT_TIMESTAMP, 'PRASHANT JOSHI', CURRENT_TIMESTAMP),
(2,2,CURRENT_TIMESTAMP, 'PRASHANT JOSHI', CURRENT_TIMESTAMP),
(3,3,CURRENT_TIMESTAMP, 'PRASHANT JOSHI', CURRENT_TIMESTAMP);